Level,Expression,Value,Location,Refresh
0,Waveform_RAM,,<outofscope>,Off
0,AmpSampleBoard,,0x200054F8,Off
 1,[0][0],0.936807156,0x200054F8,Off
 1,[0][1],0.937320709,0x200054FC,Off
 1,[0][2],0.936584651,0x20005500,Off
 1,[0][3],0.942970097,0x20005504,Off
 1,[0][4],0.936590791,0x20005508,Off
 1,[0][5],0.937613666,0x2000550C,Off
 1,[0][6],0.943507671,0x20005510,Off
 1,[0][7],0.938597381,0x20005514,Off
 1,[0][8],0.937925279,0x20005518,Off
 1,[0][9],0.938289821,0x2000551C,Off
 1,[0][10],0.938702762,0x20005520,Off
 1,[1][0],0.98986131,0x20005524,Off
 1,[1][1],0.989880443,0x20005528,Off
 1,[1][2],0.989903271,0x2000552C,Off
 1,[1][3],0.989796758,0x20005530,Off
 1,[1][4],0.989770889,0x20005534,Off
 1,[1][5],0.989957154,0x20005538,Off
 1,[1][6],0.989973605,0x2000553C,Off
 1,[1][7],0.990077734,0x20005540,Off
 1,[1][8],0.990127802,0x20005544,Off
 1,[1][9],0.990137577,0x20005548,Off
 1,[1][10],0.990155518,0x2000554C,Off
 1,[2][0],1.01040053,0x20005550,Off
 1,[2][1],1.01032543,0x20005554,Off
 1,[2][2],1.01029062,0x20005558,Off
 1,[2][3],1.01017272,0x2000555C,Off
 1,[2][4],1.01021409,0x20005560,Off
 1,[2][5],1.01051843,0x20005564,Off
 1,[2][6],1.01052308,0x20005568,Off
 1,[2][7],1.01042652,0x2000556C,Off
 1,[2][8],1.01051295,0x20005570,Off
 1,[2][9],1.01047564,0x20005574,Off
 1,[2][10],1.01047075,0x20005578,Off
 1,[3][0],1.01870823,0x2000557C,Off
 1,[3][1],1.01874053,0x20005580,Off
 1,[3][2],1.01864815,0x20005584,Off
 1,[3][3],1.01856697,0x20005588,Off
 1,[3][4],1.01849186,0x2000558C,Off
 1,[3][5],1.01877415,0x20005590,Off
 1,[3][6],1.01862574,0x20005594,Off
 1,[3][7],1.01876605,0x20005598,Off
 1,[3][8],1.0187248,0x2000559C,Off
 1,[3][9],1.01873195,0x200055A0,Off
 1,[3][10],1.01876855,0x200055A4,Off
 1,[4][0],1.02276969,0x200055A8,Off
 1,[4][1],1.02273738,0x200055AC,Off
 1,[4][2],1.02261353,0x200055B0,Off
 1,[4][3],1.02263629,0x200055B4,Off
 1,[4][4],1.02253985,0x200055B8,Off
 1,[4][5],1.02282608,0x200055BC,Off
 1,[4][6],1.02282977,0x200055C0,Off
 1,[4][7],1.02278852,0x200055C4,Off
 1,[4][8],1.02278841,0x200055C8,Off
 1,[4][9],1.02280426,0x200055CC,Off
 1,[4][10],1.02281308,0x200055D0,Off
 1,[5][0],1.02497983,0x200055D4,Off
 1,[5][1],1.02483022,0x200055D8,Off
 1,[5][2],1.02468407,0x200055DC,Off
 1,[5][3],1.02461874,0x200055E0,Off
 1,[5][4],1.02463591,0x200055E4,Off
 1,[5][5],1.0248431,0x200055E8,Off
 1,[5][6],1.02480817,0x200055EC,Off
 1,[5][7],1.02477944,0x200055F0,Off
 1,[5][8],1.02484262,0x200055F4,Off
 1,[5][9],1.02481079,0x200055F8,Off
 1,[5][10],1.02480197,0x200055FC,Off
 1,[6][0],1.02638221,0x20005600,Off
 1,[6][1],1.02634883,0x20005604,Off
 1,[6][2],1.02628052,0x20005608,Off
 1,[6][3],1.02618885,0x2000560C,Off
 1,[6][4],1.02608597,0x20005610,Off
 1,[6][5],1.02633905,0x20005614,Off
 1,[6][6],1.02629769,0x20005618,Off
 1,[6][7],1.02638197,0x2000561C,Off
 1,[6][8],1.02635813,0x20005620,Off
 1,[6][9],1.02634072,0x20005624,Off
 1,[6][10],1.02625155,0x20005628,Off
 1,[7][0],1.02759123,0x2000562C,Off
 1,[7][1],1.02758372,0x20005630,Off
 1,[7][2],1.0275532,0x20005634,Off
 1,[7][3],1.02739465,0x20005638,Off
 1,[7][4],1.02738452,0x2000563C,Off
 1,[7][5],1.02764595,0x20005640,Off
 1,[7][6],1.02758968,0x20005644,Off
 1,[7][7],1.02754366,0x20005648,Off
 1,[7][8],1.02762818,0x2000564C,Off
 1,[7][9],1.0276078,0x20005650,Off
 1,[7][10],1.02755702,0x20005654,Off
 1,[8][0],1.02840674,0x20005658,Off
 1,[8][1],1.02840614,0x2000565C,Off
 1,[8][2],1.02824461,0x20005660,Off
 1,[8][3],1.02807999,0x20005664,Off
 1,[8][4],1.02811933,0x20005668,Off
 1,[8][5],1.02830052,0x2000566C,Off
 1,[8][6],1.028211,0x20005670,Off
 1,[8][7],1.0281527,0x20005674,Off
 1,[8][8],1.02827764,0x20005678,Off
 1,[8][9],1.02813852,0x2000567C,Off
 1,[8][10],1.02812517,0x20005680,Off
 1,[9][0],1.02862573,0x20005684,Off
 1,[9][1],1.02862036,0x20005688,Off
 1,[9][2],1.02857161,0x2000568C,Off
 1,[9][3],1.02856076,0x20005690,Off
 1,[9][4],1.02847564,0x20005694,Off
 1,[9][5],1.02876854,0x20005698,Off
 1,[9][6],1.02866006,0x2000569C,Off
 1,[9][7],1.02862668,0x200056A0,Off
 1,[9][8],1.02862,0x200056A4,Off
 1,[9][9],1.02856565,0x200056A8,Off
 1,[9][10],1.02845359,0x200056AC,Off
 1,[10][0],1.02922702,0x200056B0,Off
 1,[10][1],1.02908647,0x200056B4,Off
 1,[10][2],1.02894306,0x200056B8,Off
 1,[10][3],1.02881861,0x200056BC,Off
 1,[10][4],1.02870131,0x200056C0,Off
 1,[10][5],1.02903044,0x200056C4,Off
 1,[10][6],1.02895784,0x200056C8,Off
 1,[10][7],1.0289861,0x200056CC,Off
 1,[10][8],1.02900589,0x200056D0,Off
 1,[10][9],1.02889693,0x200056D4,Off
 1,[10][10],1.02885973,0x200056D8,Off
 1,[11][0],1.02914369,0x200056DC,Off
 1,[11][1],1.02911079,0x200056E0,Off
 1,[11][2],1.0290513,0x200056E4,Off
 1,[11][3],1.0290153,0x200056E8,Off
 1,[11][4],1.02896667,0x200056EC,Off
 1,[11][5],1.02914178,0x200056F0,Off
 1,[11][6],1.02905726,0x200056F4,Off
 1,[11][7],1.0290854,0x200056F8,Off
 1,[11][8],1.02912045,0x200056FC,Off
 1,[11][9],1.02908742,0x20005700,Off
 1,[11][10],1.02904809,0x20005704,Off
 1,[12][0],1.02957928,0x20005708,Off
 1,[12][1],1.02955043,0x2000570C,Off
 1,[12][2],1.02948427,0x20005710,Off
 1,[12][3],1.02937436,0x20005714,Off
 1,[12][4],1.02932203,0x20005718,Off
 1,[12][5],1.02946115,0x2000571C,Off
 1,[12][6],1.02962089,0x20005720,Off
 1,[12][7],1.02953815,0x20005724,Off
 1,[12][8],1.02945626,0x20005728,Off
 1,[12][9],1.02958918,0x2000572C,Off
 1,[12][10],1.02934909,0x20005730,Off
 1,[13][0],1.02984643,0x20005734,Off
 1,[13][1],1.02973866,0x20005738,Off
 1,[13][2],1.02960646,0x2000573C,Off
 1,[13][3],1.02952278,0x20005740,Off
 1,[13][4],1.02954674,0x20005744,Off
 1,[13][5],1.02983332,0x20005748,Off
 1,[13][6],1.02986813,0x2000574C,Off
 1,[13][7],1.02969003,0x20005750,Off
 1,[13][8],1.02983642,0x20005754,Off
 1,[13][9],1.02972245,0x20005758,Off
 1,[13][10],1.02966237,0x2000575C,Off
 1,[14][0],1.03021204,0x20005760,Off
 1,[14][1],1.03011191,0x20005764,Off
 1,[14][2],1.03012693,0x20005768,Off
 1,[14][3],1.03004205,0x2000576C,Off
 1,[14][4],1.03005052,0x20005770,Off
 1,[14][5],1.03034031,0x20005774,Off
 1,[14][6],1.03024662,0x20005778,Off
 1,[14][7],1.0303843,0x2000577C,Off
 1,[14][8],1.03039742,0x20005780,Off
 1,[14][9],1.03025723,0x20005784,Off
 1,[14][10],1.03033125,0x20005788,Off
 1,[15][0],1.030478,0x2000578C,Off
 1,[15][1],1.03041208,0x20005790,Off
 1,[15][2],1.03020489,0x20005794,Off
 1,[15][3],1.03004408,0x20005798,Off
 1,[15][4],1.03010976,0x2000579C,Off
 1,[15][5],1.03028309,0x200057A0,Off
 1,[15][6],1.03028524,0x200057A4,Off
 1,[15][7],1.03011847,0x200057A8,Off
 1,[15][8],1.03026342,0x200057AC,Off
 1,[15][9],1.03025103,0x200057B0,Off
 1,[15][10],1.03033566,0x200057B4,Off
 1,[16][0],1.03046393,0x200057B8,Off
 1,[16][1],1.03033435,0x200057BC,Off
 1,[16][2],1.03018975,0x200057C0,Off
 1,[16][3],1.03013802,0x200057C4,Off
 1,[16][4],1.03011954,0x200057C8,Off
 1,[16][5],1.03033864,0x200057CC,Off
 1,[16][6],1.03025711,0x200057D0,Off
 1,[16][7],1.03027916,0x200057D4,Off
 1,[16][8],1.03018343,0x200057D8,Off
 1,[16][9],1.0303309,0x200057DC,Off
 1,[16][10],1.03035736,0x200057E0,Off
 1,[17][0],1.03030896,0x200057E4,Off
 1,[17][1],1.03005707,0x200057E8,Off
 1,[17][2],1.03017366,0x200057EC,Off
 1,[17][3],1.03014684,0x200057F0,Off
 1,[17][4],1.03005934,0x200057F4,Off
 1,[17][5],1.03035009,0x200057F8,Off
 1,[17][6],1.03024471,0x200057FC,Off
 1,[17][7],1.03033233,0x20005800,Off
 1,[17][8],1.03022158,0x20005804,Off
 1,[17][9],1.03020847,0x20005808,Off
 1,[17][10],1.0301218,0x2000580C,Off
 1,[18][0],1.03014374,0x20005810,Off
 1,[18][1],1.02999532,0x20005814,Off
 1,[18][2],1.0299257,0x20005818,Off
 1,[18][3],1.02987885,0x2000581C,Off
 1,[18][4],1.02985001,0x20005820,Off
 1,[18][5],1.03015649,0x20005824,Off
 1,[18][6],1.03012002,0x20005828,Off
 1,[18][7],1.03004229,0x2000582C,Off
 1,[18][8],1.03013873,0x20005830,Off
 1,[18][9],1.03025007,0x20005834,Off
 1,[18][10],1.03018725,0x20005838,Off
 1,[19][0],1.03050303,0x2000583C,Off
 1,[19][1],1.03057826,0x20005840,Off
 1,[19][2],1.03047025,0x20005844,Off
 1,[19][3],1.03040338,0x20005848,Off
 1,[19][4],1.03021252,0x2000584C,Off
 1,[19][5],1.03067386,0x20005850,Off
 1,[19][6],1.03060722,0x20005854,Off
 1,[19][7],1.03055382,0x20005858,Off
 1,[19][8],1.03068495,0x2000585C,Off
 1,[19][9],1.03053248,0x20005860,Off
 1,[19][10],1.0305748,0x20005864,Off
 1,[20][0],1.03049922,0x20005868,Off
 1,[20][1],1.03045177,0x2000586C,Off
 1,[20][2],1.0304687,0x20005870,Off
 1,[20][3],1.03019512,0x20005874,Off
 1,[20][4],1.03035533,0x20005878,Off
 1,[20][5],1.03052366,0x2000587C,Off
 1,[20][6],1.03058708,0x20005880,Off
 1,[20][7],1.03055668,0x20005884,Off
 1,[20][8],1.03059185,0x20005888,Off
 1,[20][9],1.03043163,0x2000588C,Off
 1,[20][10],1.03054774,0x20005890,Off
 1,[21][0],1.03063035,0x20005894,Off
 1,[21][1],1.03045785,0x20005898,Off
 1,[21][2],1.03045499,0x2000589C,Off
 1,[21][3],1.03020108,0x200058A0,Off
 1,[21][4],1.03038812,0x200058A4,Off
 1,[21][5],1.03056622,0x200058A8,Off
 1,[21][6],1.03056276,0x200058AC,Off
 1,[21][7],1.03040504,0x200058B0,Off
 1,[21][8],1.03042805,0x200058B4,Off
 1,[21][9],1.03042734,0x200058B8,Off
 1,[21][10],1.03040433,0x200058BC,Off
 1,[22][0],1.03076673,0x200058C0,Off
 1,[22][1],1.03049588,0x200058C4,Off
 1,[22][2],1.03034949,0x200058C8,Off
 1,[22][3],1.03043592,0x200058CC,Off
 1,[22][4],1.03025186,0x200058D0,Off
 1,[22][5],1.030545,0x200058D4,Off
 1,[22][6],1.03041768,0x200058D8,Off
 1,[22][7],1.03062904,0x200058DC,Off
 1,[22][8],1.03077114,0x200058E0,Off
 1,[22][9],1.03060532,0x200058E4,Off
 1,[22][10],1.03058088,0x200058E8,Off
 1,[23][0],1.03067732,0x200058EC,Off
 1,[23][1],1.0305301,0x200058F0,Off
 1,[23][2],1.03052783,0x200058F4,Off
 1,[23][3],1.03032386,0x200058F8,Off
 1,[23][4],1.03014803,0x200058FC,Off
 1,[23][5],1.03057706,0x20005900,Off
 1,[23][6],1.03049135,0x20005904,Off
 1,[23][7],1.03044617,0x20005908,Off
 1,[23][8],1.03048658,0x2000590C,Off
 1,[23][9],1.03049624,0x20005910,Off
 1,[23][10],1.03044677,0x20005914,Off
 1,[24][0],1.03059053,0x20005918,Off
 1,[24][1],1.03072476,0x2000591C,Off
 1,[24][2],1.03043735,0x20005920,Off
 1,[24][3],1.03053987,0x20005924,Off
 1,[24][4],1.03063774,0x20005928,Off
 1,[24][5],1.0308603,0x2000592C,Off
 1,[24][6],1.03076434,0x20005930,Off
 1,[24][7],1.03056121,0x20005934,Off
 1,[24][8],1.03080559,0x20005938,Off
 1,[24][9],1.03080964,0x2000593C,Off
 1,[24][10],1.03064418,0x20005940,Off
 1,[25][0],1.03096378,0x20005944,Off
 1,[25][1],1.03095543,0x20005948,Off
 1,[25][2],1.03071868,0x2000594C,Off
 1,[25][3],1.03065014,0x20005950,Off
 1,[25][4],1.03074169,0x20005954,Off
 1,[25][5],1.03085458,0x20005958,Off
 1,[25][6],1.03094351,0x2000595C,Off
 1,[25][7],1.03105736,0x20005960,Off
 1,[25][8],1.03117907,0x20005964,Off
 1,[25][9],1.03090322,0x20005968,Off
 1,[25][10],1.03082263,0x2000596C,Off
 1,[26][0],1.03111207,0x20005970,Off
 1,[26][1],1.03108084,0x20005974,Off
 1,[26][2],1.03102982,0x20005978,Off
 1,[26][3],1.03111482,0x2000597C,Off
 1,[26][4],1.03090513,0x20005980,Off
 1,[26][5],1.03117836,0x20005984,Off
 1,[26][6],1.03102076,0x20005988,Off
 1,[26][7],1.03091729,0x2000598C,Off
 1,[26][8],1.03111935,0x20005990,Off
 1,[26][9],1.03122139,0x20005994,Off
 1,[26][10],1.03117812,0x20005998,Off
 1,[27][0],1.03127253,0x2000599C,Off
 1,[27][1],1.03126061,0x200059A0,Off
 1,[27][2],1.03124142,0x200059A4,Off
 1,[27][3],1.03125107,0x200059A8,Off
 1,[27][4],1.03107047,0x200059AC,Off
 1,[27][5],1.03115094,0x200059B0,Off
 1,[27][6],1.0313586,0x200059B4,Off
 1,[27][7],1.03100753,0x200059B8,Off
 1,[27][8],1.03122628,0x200059BC,Off
 1,[27][9],1.03119051,0x200059C0,Off
 1,[27][10],1.03128266,0x200059C4,Off
 1,[28][0],1.03125501,0x200059C8,Off
 1,[28][1],1.03138721,0x200059CC,Off
 1,[28][2],1.0313009,0x200059D0,Off
 1,[28][3],1.03116548,0x200059D4,Off
 1,[28][4],1.03138435,0x200059D8,Off
 1,[28][5],1.03157079,0x200059DC,Off
 1,[28][6],1.03151453,0x200059E0,Off
 1,[28][7],1.03137684,0x200059E4,Off
 1,[28][8],1.03154111,0x200059E8,Off
 1,[28][9],1.03158641,0x200059EC,Off
 1,[28][10],1.03160381,0x200059F0,Off
 1,[29][0],1.03151858,0x200059F4,Off
 1,[29][1],1.03172624,0x200059F8,Off
 1,[29][2],1.03150892,0x200059FC,Off
 1,[29][3],1.03159773,0x20005A00,Off
 1,[29][4],1.03154612,0x20005A04,Off
 1,[29][5],1.0314635,0x20005A08,Off
 1,[29][6],1.03163505,0x20005A0C,Off
 1,[29][7],1.03146172,0x20005A10,Off
 1,[29][8],1.03156185,0x20005A14,Off
 1,[29][9],1.03150475,0x20005A18,Off
 1,[29][10],1.03164327,0x20005A1C,Off
0,VoutSampleBoard,,0x20005A20,Off
