Level,Expression,Value,Location,Refresh
0,Waveform_RAM,,<outofscope>,Off
0,g_adc_buf_dc,,<outofscope>,Off
0,g_adc_buf,,0x2000DC08,Off
0,g_fft_input_buf,,0x2000F2C4,5 Hz
0,g_fft_input_buf,,0x2000F2C4,Off
0,g_fft_input_buf,,0x2000F2C4,Off
0,g_MeasuredGains,,0x20001A90,5 Hz
0,adc_fft_buffer,,0x2000BB00,Off
0,g_FrequencyPoints,,0x200117F0,Off
0,adc_fft_buffer,,0x2000BB00,Off
0,g_MeasuredGains,,0x20001A90,5 Hz
 1,[0],0.529423833,0x20001A90,5 Hz
 1,[1],0.537258923,0x20001A94,5 Hz
 1,[2],0.546774626,0x20001A98,5 Hz
 1,[3],0.557919562,0x20001A9C,5 Hz
 1,[4],0.566783369,0x20001AA0,5 Hz
 1,[5],0.575909078,0x20001AA4,5 Hz
 1,[6],0.582748592,0x20001AA8,5 Hz
 1,[7],0.591090739,0x20001AAC,5 Hz
 1,[8],0.598039925,0x20001AB0,5 Hz
 1,[9],0.606383741,0x20001AB4,5 Hz
 1,[10],0.612548649,0x20001AB8,5 Hz
 1,[11],0.619048536,0x20001ABC,5 Hz
 1,[12],0.625235856,0x20001AC0,5 Hz
 1,[13],0.630693018,0x20001AC4,5 Hz
 1,[14],0.63601613,0x20001AC8,5 Hz
 1,[15],0.641309321,0x20001ACC,5 Hz
 1,[16],0.646132708,0x20001AD0,5 Hz
 1,[17],0.650800645,0x20001AD4,5 Hz
 1,[18],0.654637337,0x20001AD8,5 Hz
 1,[19],0.659044683,0x20001ADC,5 Hz
 1,[20],0.662763059,0x20001AE0,5 Hz
 1,[21],0.666532934,0x20001AE4,5 Hz
 1,[22],0.669921398,0x20001AE8,5 Hz
 1,[23],0.672986209,0x20001AEC,5 Hz
 1,[24],0.676119626,0x20001AF0,5 Hz
 1,[25],0.678644419,0x20001AF4,5 Hz
 1,[26],0.681524932,0x20001AF8,5 Hz
 1,[27],0.68422395,0x20001AFC,5 Hz
 1,[28],0.686625242,0x20001B00,5 Hz
 1,[29],0.688623428,0x20001B04,5 Hz
 1,[30],0.690696418,0x20001B08,5 Hz
 1,[31],0.692629337,0x20001B0C,5 Hz
 1,[32],0.694491208,0x20001B10,5 Hz
 1,[33],0.696222484,0x20001B14,5 Hz
 1,[34],0.697926581,0x20001B18,5 Hz
 1,[35],0.699389935,0x20001B1C,5 Hz
 1,[36],0.700728238,0x20001B20,5 Hz
 1,[37],0.701337993,0x20001B24,5 Hz
 1,[38],0.70323211,0x20001B28,5 Hz
 1,[39],0.704458416,0x20001B2C,5 Hz
 1,[40],0.704816818,0x20001B30,5 Hz
 1,[41],0.706636906,0x20001B34,5 Hz
 1,[42],0.707403004,0x20001B38,5 Hz
 1,[43],0.708521664,0x20001B3C,5 Hz
 1,[44],0.708923817,0x20001B40,5 Hz
 1,[45],0.709830761,0x20001B44,5 Hz
 1,[46],0.710850716,0x20001B48,5 Hz
 1,[47],0.711489737,0x20001B4C,5 Hz
 1,[48],0.712054551,0x20001B50,5 Hz
 1,[49],0.712654293,0x20001B54,5 Hz
 1,[50],0.713202298,0x20001B58,5 Hz
 1,[51],0.71373266,0x20001B5C,5 Hz
 1,[52],0.71435976,0x20001B60,5 Hz
 1,[53],0.714591563,0x20001B64,5 Hz
 1,[54],0.714886487,0x20001B68,5 Hz
 1,[55],0.715655148,0x20001B6C,5 Hz
 1,[56],0.715929747,0x20001B70,5 Hz
 1,[57],0.715665817,0x20001B74,5 Hz
 1,[58],0.716594398,0x20001B78,5 Hz
 1,[59],0.716891706,0x20001B7C,5 Hz
 1,[60],0.717369616,0x20001B80,5 Hz
 1,[61],0.717447221,0x20001B84,5 Hz
 1,[62],0.717691123,0x20001B88,5 Hz
 1,[63],0.717891216,0x20001B8C,5 Hz
 1,[64],0.71824187,0x20001B90,5 Hz
 1,[65],0.71838361,0x20001B94,5 Hz
 1,[66],0.718522966,0x20001B98,5 Hz
 1,[67],0.718749702,0x20001B9C,5 Hz
 1,[68],0.718889058,0x20001BA0,5 Hz
 1,[69],0.719046891,0x20001BA4,5 Hz
 1,[70],0.719501555,0x20001BA8,5 Hz
 1,[71],0.719088137,0x20001BAC,5 Hz
 1,[72],0.719466269,0x20001BB0,5 Hz
 1,[73],0.719790697,0x20001BB4,5 Hz
 1,[74],0.719745815,0x20001BB8,5 Hz
 1,[75],0.719582021,0x20001BBC,5 Hz
 1,[76],0.719959557,0x20001BC0,5 Hz
 1,[77],0.719874561,0x20001BC4,5 Hz
 1,[78],0.720113695,0x20001BC8,5 Hz
 1,[79],0.720260382,0x20001BCC,5 Hz
 1,[80],0.720360994,0x20001BD0,5 Hz
 1,[81],0.720665634,0x20001BD4,5 Hz
 1,[82],0.7205351,0x20001BD8,5 Hz
 1,[83],0.721012056,0x20001BDC,5 Hz
 1,[84],0.721405685,0x20001BE0,5 Hz
 1,[85],0.720407784,0x20001BE4,5 Hz
 1,[86],0.721381664,0x20001BE8,5 Hz
 1,[87],0.72106725,0x20001BEC,5 Hz
 1,[88],0.720810413,0x20001BF0,5 Hz
 1,[89],0.720834553,0x20001BF4,5 Hz
 1,[90],0.720673263,0x20001BF8,5 Hz
 1,[91],0.720911264,0x20001BFC,5 Hz
 1,[92],0.720979035,0x20001C00,5 Hz
 1,[93],0.720991313,0x20001C04,5 Hz
 1,[94],0.721321285,0x20001C08,5 Hz
 1,[95],0.721167386,0x20001C0C,5 Hz
 1,[96],0.721279681,0x20001C10,5 Hz
 1,[97],0.721205771,0x20001C14,5 Hz
 1,[98],0.721627533,0x20001C18,5 Hz
 1,[99],0.721426904,0x20001C1C,5 Hz
 1,[100],0.72115308,0x20001C20,5 Hz
 1,[101],0.721672058,0x20001C24,5 Hz
 1,[102],0.72089988,0x20001C28,5 Hz
 1,[103],0.722257912,0x20001C2C,5 Hz
 1,[104],0.722275555,0x20001C30,5 Hz
 1,[105],0.721066058,0x20001C34,5 Hz
 1,[106],0.722144186,0x20001C38,5 Hz
 1,[107],0.721390724,0x20001C3C,5 Hz
 1,[108],0.722310841,0x20001C40,5 Hz
 1,[109],0.722454727,0x20001C44,5 Hz
 1,[110],0.723615348,0x20001C48,5 Hz
 1,[111],0.721540987,0x20001C4C,5 Hz
 1,[112],0.722767174,0x20001C50,5 Hz
 1,[113],0.721385419,0x20001C54,5 Hz
 1,[114],0.721729219,0x20001C58,5 Hz
 1,[115],0.722065389,0x20001C5C,5 Hz
 1,[116],0.722657919,0x20001C60,5 Hz
 1,[117],0.724194229,0x20001C64,5 Hz
 1,[118],0.721676767,0x20001C68,5 Hz
 1,[119],0.723159969,0x20001C6C,5 Hz
 1,[120],0.722252309,0x20001C70,5 Hz
 1,[121],0.724923432,0x20001C74,5 Hz
 1,[122],0.724913359,0x20001C78,5 Hz
 1,[123],0.722591221,0x20001C7C,5 Hz
 1,[124],0.721918046,0x20001C80,5 Hz
 1,[125],0.722699344,0x20001C84,5 Hz
 1,[126],0.723096669,0x20001C88,5 Hz
 1,[127],0.723069727,0x20001C8C,5 Hz
 1,[128],0.721706629,0x20001C90,5 Hz
 1,[129],0.724714458,0x20001C94,5 Hz
 1,[130],0.72455579,0x20001C98,5 Hz
 1,[131],0.723277986,0x20001C9C,5 Hz
 1,[132],0.724205494,0x20001CA0,5 Hz
 1,[133],0.724225581,0x20001CA4,5 Hz
 1,[134],0.724519253,0x20001CA8,5 Hz
 1,[135],0.723128796,0x20001CAC,5 Hz
 1,[136],0.726127148,0x20001CB0,5 Hz
 1,[137],0.724808753,0x20001CB4,5 Hz
 1,[138],0.723064125,0x20001CB8,5 Hz
 1,[139],0.724502742,0x20001CBC,5 Hz
 1,[140],0.723851442,0x20001CC0,5 Hz
 1,[141],0.726496935,0x20001CC4,5 Hz
 1,[142],0.724758923,0x20001CC8,5 Hz
 1,[143],0.726688445,0x20001CCC,5 Hz
 1,[144],0.728866398,0x20001CD0,5 Hz
 1,[145],0.760563552,0x20001CD4,5 Hz
 1,[146],0.7245574,0x20001CD8,5 Hz
 1,[147],0.72587496,0x20001CDC,5 Hz
 1,[148],0.728517592,0x20001CE0,5 Hz
 1,[149],0.730827391,0x20001CE4,5 Hz
 1,[150],0.731393814,0x20001CE8,5 Hz
 1,[151],0.729039013,0x20001CEC,5 Hz
 1,[152],0.730080664,0x20001CF0,5 Hz
 1,[153],0.730054677,0x20001CF4,5 Hz
 1,[154],0.733886302,0x20001CF8,5 Hz
 1,[155],0.736687183,0x20001CFC,5 Hz
 1,[156],0.727977216,0x20001D00,5 Hz
 1,[157],0.732884467,0x20001D04,5 Hz
 1,[158],0.736844063,0x20001D08,5 Hz
 1,[159],0.728091061,0x20001D0C,5 Hz
 1,[160],0.730684459,0x20001D10,5 Hz
 1,[161],0.73341924,0x20001D14,5 Hz
 1,[162],0.730842531,0x20001D18,5 Hz
 1,[163],0.730554402,0x20001D1C,5 Hz
 1,[164],0.736086309,0x20001D20,5 Hz
 1,[165],0.735336483,0x20001D24,5 Hz
 1,[166],0.73584193,0x20001D28,5 Hz
 1,[167],0.733602285,0x20001D2C,5 Hz
 1,[168],0.747673988,0x20001D30,5 Hz
 1,[169],0.73325938,0x20001D34,5 Hz
 1,[170],0.737029612,0x20001D38,5 Hz
 1,[171],0.73455143,0x20001D3C,5 Hz
 1,[172],0.744212329,0x20001D40,5 Hz
 1,[173],0.741283834,0x20001D44,5 Hz
 1,[174],0.739867449,0x20001D48,5 Hz
 1,[175],0.742406845,0x20001D4C,5 Hz
 1,[176],0.736030281,0x20001D50,5 Hz
 1,[177],0.741340816,0x20001D54,5 Hz
 1,[178],0.750074208,0x20001D58,5 Hz
 1,[179],0.736093938,0x20001D5C,5 Hz
 1,[180],0.741770446,0x20001D60,5 Hz
 1,[181],0.746789038,0x20001D64,5 Hz
 1,[182],0.744669735,0x20001D68,5 Hz
 1,[183],0.737841606,0x20001D6C,5 Hz
 1,[184],0.739707708,0x20001D70,5 Hz
 1,[185],0.756381333,0x20001D74,5 Hz
 1,[186],0.735705078,0x20001D78,5 Hz
 1,[187],0.74405688,0x20001D7C,5 Hz
 1,[188],0.737643898,0x20001D80,5 Hz
 1,[189],0.751425743,0x20001D84,5 Hz
 1,[190],0.742254674,0x20001D88,5 Hz
 1,[191],0.741985142,0x20001D8C,5 Hz
 1,[192],0.731102467,0x20001D90,5 Hz
 1,[193],0.723004878,0x20001D94,5 Hz
 1,[194],0.737524569,0x20001D98,5 Hz
 1,[195],0.734617233,0x20001D9C,5 Hz
 1,[196],0.817452967,0x20001DA0,5 Hz
 1,[197],0.740219593,0x20001DA4,5 Hz
 1,[198],0.734504223,0x20001DA8,5 Hz
 1,[199],0.755705357,0x20001DAC,5 Hz
0,g_GainsError,,0x20011B10,5 Hz
0,adc_fft_buffer,,0x2000BB00,Off
